{
  "grade": [
    {
      "name": "@ Thai"
    },
    {
      "name": "@Indian.com"
    },
    {
      "name": "£1 Fish Shop"
    },
    {
      "name": "1 2 3 Chinese"
    },
    {
      "name": "1A Wok"
    }
  ],
  "institutestype": [
    {
      "name": "admin"
    },
    {
      "name": "@Indian.com"
    },
    {
      "name": "£1 Fish Shop"
    },
    {
      "name": "1 2 3 Chinese"
    },
    {
      "name": "1A Wok"
    }
  ],
  "institutes": [
    {
      "name": ".CN Chinese",
      "email": "abc@gmail.com",
      "phone": "(281) 804-8211",
      "city": "ABC"
    },
    {
      "name": "@ Thai",
      "email": "abc1@gmail.com",
      "phone": "(281) 804-8211",
      "city": "ABCcd"
    },
    {
      "name": "@ Thai Restaurant",
      "email": "abc2@gmail.com",
      "phone": "(281) 804-8211",
      "city": "ABCsf"
    },
    {
      "name": "@ Thai Restaurant",
      "email": "abc4@gmail.com",
      "phone": "(281) 804-8211",
      "city": "ABCsdsa"
    }
  ],
  "credits": [
    {
      "number": "1",
      "institute name": ".CN Chinese",
      "emails": "10"
    },
    {
      "number": " 2",
      "institute name": "adsfsdgfdg",
      "emails": "15"
    }
  ],
  "users": [
    {
      "name": ".CN Chinese",
      "email": "abc@gmail.com",
      "phone": "(281) 804-8211",
      "city": "ABC"
    },
    {
      "name": "@ Thai",
      "email": "abc1@gmail.com",
      "phone": "(281) 804-8211",
      "city": "ABCcd"
    },
    {
      "name": "@ Thai Restaurant",
      "email": "abc2@gmail.com",
      "phone": "(281) 804-8211",
      "city": "ABCsf"
    },
    {
      "name": "@ Thai Restaurant",
      "email": "abc4@gmail.com",
      "phone": "(281) 804-8211",
      "city": "ABCsdsa"
    }
  ],
  "teachers": [
    {
      "name": ".CN Chinese",
      "email": "abc@gmail.com",
      "phone": "(281) 804-8211",
      "city": "ABC"
    },
    {
      "name": "@ Thai",
      "email": "abc1@gmail.com",
      "phone": "(281) 804-8211",
      "city": "ABCcd"
    },
    {
      "name": "@ Thai Restaurant",
      "email": "abc2@gmail.com",
      "phone": "(281) 804-8211",
      "city": "ABCsf"
    },
    {
      "name": "@ Thai Restaurant",
      "email": "abc4@gmail.com",
      "phone": "(281) 804-8211",
      "city": "ABCsdsa"
    }
  ],
  "students": [
    {
      "name": ".CN Chinese",
      "email": "abc@gmail.com",
      "phone": "(281) 804-8211",
      "city": "ABC"
    },
    {
      "name": "@ Thai",
      "email": "abc1@gmail.com",
      "phone": "(281) 804-8211",
      "city": "ABCcd"
    },
    {
      "name": "@ Thai Restaurant",
      "email": "abc2@gmail.com",
      "phone": "(281) 804-8211",
      "city": "ABCsf"
    },
    {
      "name": "@ Thai Restaurant",
      "email": "abc4@gmail.com",
      "phone": "(281) 804-8211",
      "city": "ABCsdsa"
    }
  ],
  "events": [
    {
      "name": ".CN Chinese",
      "v-name": "abc",
      "date": "07/31/2020",
      "time": "6:15 AM"
    },
    {
      "name": "abc",
      "v-name": "abc1",
      "date": "06/31/2020",
      "time": "6:15 AM"
    },
    {
      "name": "Chinese",
      "v-name": "abc",
      "date": "07/31/2020",
      "time": "6:15 AM"
    },
    {
      "name": "CN",
      "v-name": "sddg",
      "date": "07/31/2020",
      "time": "6:15 AM"
    }
  ],
  "checkitout": [
    {
      "date": "07/31/2020",
      "title": "hsfhkls"
    },
    {
      "date": "06/31/2020",
      "title": "fshhn"
    },
    {
      "date": "07/31/2020",
      "title": "fdjotre o"
    },
    {
      "date": "07/31/2020",
      "time": "6:15 AM"
    }
  ],
  "contests": [
    {
      "name": ".CN Chinese",
      "start-date": "07/30/2020",
      "end-date": "07/30/2021"
    },
    {
      "name": "@ Thai",
      "start-date": "07/30/2020",
      "end-date": "07/30/2021"
    },
    {
      "name": "@ Thai Restaurant",
      "email": "abc2@gmail.com",
      "phone": "(281) 804-8211",
      "city": "ABCsf"
    },
    {
      "name": "@ Thai Restaurant",
      "start-date": "07/30/2020",
      "end-date": "07/30/2021"
    }
  ],
  "spotlights": [
    {
      "first-name": ".CN Chinese",
      "last-name": "xhu",
      "date": "07/30/2020"
    },
    {
      "first-name": ".CN Chinese",
      "last-name": "xhu",
      "date": "07/30/2020"
    },
    {
      "first-name": ".CN Chinese",
      "last-name": "xhu",
      "date": "07/30/2020"
    },
    {
      "first-name": ".CN Chinese",
      "last-name": "xhu",
      "date": "07/30/2020"
    }
  ],
  "reports": [
    {
      "title": "",
      "last-name": "xhu",
      "date": "07/30/2020"
    }
  ],
  "classes": [
    {
      "name": ".CN1 Chinese",
      "email": "abc@gmail.com",
      "phone": "(281) 804-8211",
      "city": "ABC"
    },
    {
      "name": "@ Thai",
      "email": "abc1@gmail.com",
      "phone": "(281) 804-8211",
      "city": "ABCcd"
    },
    {
      "name": "@ Thai Restaurant",
      "email": "abc2@gmail.com",
      "phone": "(281) 804-8211",
      "city": "ABCsf"
    },
    {
      "name": "@ Thai Restaurant",
      "email": "abc4@gmail.com",
      "phone": "(281) 804-8211",
      "city": "ABCsdsa"
    }
  ],
  "category": [
    {
      "name": "@ Thai1"
    },
    {
      "name": "@Indian.com"
    },
    {
      "name": "£1 Fish Shop"
    },
    {
      "name": "1 2 3 Chinese"
    }
  ],
  "questions": [
    {
      "question": "what?",
      "category": "sGUADYUA",
      "type": "SINGLE"
    },
    {
      "question": "What is your dog(s) name(s)?",
      "category": "grgssj",
      "type": "MCQ"
    }
  ],
  "page": [
    {
      "title": "Student term and condition"
    },
    {
      "title": "@Indian.com"
    }
  ]
}
